datetime,tank_id,error_status,column_c,card_present_channel,card_enabled_channel,card_voltage_channel,card_current_channel
2022-12-19 15:38:33,1,OK,True,True,True,1.0,28.974615000000004
2022-12-19 15:38:49,1,OK,True,True,True,1.0,26.788621999999997
2022-12-19 15:39:05,1,OK,True,True,True,1.0,26.788621999999997
2022-12-19 15:39:11,1,OK,True,True,True,1.0,24.484057999999997
2022-12-19 15:39:26,1,OK,True,True,True,1.0,26.788621999999997
2022-12-19 15:39:32,1,OK,True,True,True,1.0,24.769579
2022-12-19 15:39:47,1,OK,True,True,True,1.0,24.769579
2022-12-19 15:39:52,1,OK,True,True,True,1.0,26.788621999999997
2022-12-19 15:40:08,1,OK,True,True,True,1.0,26.788621999999997
2022-12-19 15:40:13,1,OK,True,True,True,1.0,24.769579
2022-12-19 15:40:29,1,OK,True,True,True,1.0,26.788621999999997
2022-12-19 15:40:34,1,OK,True,True,True,1.0,26.788621999999997
2022-12-19 15:40:50,1,OK,True,True,True,1.0,26.788621999999997
2022-12-19 15:40:55,1,OK,True,True,True,1.0,26.788621999999997
2022-12-19 15:41:51,1,OK,True,True,True,1.0,26.788621999999997
2022-12-19 15:41:56,1,OK,True,True,True,1.0,26.788621999999997
2022-12-19 15:42:42,1,OK,True,True,True,1.0,26.788621999999997
2022-12-19 15:42:47,1,OK,True,True,True,1.0,26.788621999999997
2022-12-19 15:42:53,1,OK,True,True,True,1.0,26.788621999999997
2022-12-19 15:42:58,1,OK,True,True,True,1.0,26.598540999999997
2022-12-19 15:43:14,1,OK,True,True,True,1.0,26.788621999999997
2022-12-19 15:43:19,1,OK,True,True,True,1.0,26.598540999999997
2022-12-19 15:43:34,1,OK,True,True,True,1.0,26.788621999999997
2022-12-19 15:43:40,1,OK,True,True,True,1.0,26.598540999999997
2022-12-19 15:43:55,1,OK,True,True,True,1.0,26.598540999999997
2022-12-19 15:44:01,1,OK,True,True,True,1.0,26.408461
2022-12-19 15:44:16,1,OK,True,True,True,1.0,26.693588000000002
2022-12-19 15:44:32,1,OK,True,True,True,1.0,24.581170999999998
2022-12-19 15:44:37,1,OK,True,True,True,1.0,26.408461
2022-12-19 15:44:53,1,OK,True,True,True,1.0,26.788621999999997
2022-12-19 15:45:18,1,OK,True,True,True,1.0,26.503491999999998
2022-12-19 15:45:34,1,OK,True,True,True,1.0,26.408461
2022-12-19 15:45:39,1,OK,True,True,True,1.0,26.218365000000002
2022-12-19 15:45:54,1,OK,True,True,True,1.0,26.218365000000002
2022-12-19 15:46:00,1,OK,True,True,True,1.0,25.933237
2022-12-19 15:46:15,1,OK,True,True,True,1.0,26.028284
2022-12-19 15:46:21,1,OK,True,True,True,1.0,25.267933
2022-12-19 15:46:36,1,OK,True,True,True,1.0,25.077852
2022-12-19 15:46:42,1,OK,True,True,True,1.0,25.553061
2022-12-19 15:46:57,1,OK,True,True,True,1.0,23.544966
2022-12-19 15:47:02,1,OK,True,True,True,1.0,25.648107999999997
2022-12-19 15:47:18,1,OK,True,True,True,1.0,25.172898999999997
2022-12-19 15:47:23,1,OK,True,True,True,1.0,25.077852
2022-12-19 15:47:39,1,OK,True,True,True,1.0,25.077852
2022-12-19 15:47:44,1,OK,True,True,True,1.0,24.982803
2022-12-19 15:48:00,1,OK,True,True,True,1.0,24.507595000000002
2022-12-19 15:48:05,1,OK,True,True,True,1.0,25.36298
2022-12-19 15:48:21,1,OK,True,True,True,1.0,24.507595000000002
2022-12-19 15:48:46,1,OK,True,True,True,1.0,25.077852
2022-12-19 15:49:02,1,OK,True,True,True,1.0,24.792723000000002
2022-12-19 15:49:27,1,OK,True,True,True,1.0,25.077852
2022-12-19 15:49:43,1,OK,True,True,True,1.0,24.887772000000002
2022-12-19 15:49:48,1,OK,True,True,True,1.0,24.602642000000003
2022-12-19 15:50:03,1,OK,True,True,True,1.0,24.887772000000002
2022-12-19 15:50:09,1,OK,True,True,True,1.0,24.887772000000002
2022-12-19 15:50:24,1,OK,True,True,True,1.0,24.792723000000002
2022-12-19 15:50:30,1,OK,True,True,True,1.0,24.507595000000002
2022-12-19 15:50:35,1,OK,True,True,True,1.0,24.507595000000002
2022-12-19 15:50:41,1,OK,True,True,True,1.0,24.792723000000002
2022-12-19 15:50:46,1,OK,True,True,True,1.0,24.697676
2022-12-19 15:50:52,1,OK,True,True,True,1.0,24.507595000000002
2022-12-19 15:50:57,1,OK,True,True,True,1.0,24.792723000000002
2022-12-19 15:51:05,1,OK,True,True,True,1.0,24.507595000000002
2022-12-19 15:51:11,1,OK,True,True,True,1.0,24.222467
2022-12-19 15:51:16,1,OK,True,True,True,1.0,24.412548
2022-12-19 15:51:22,1,OK,True,True,True,1.0,24.317514000000003
2022-12-19 15:51:27,1,OK,True,True,True,1.0,24.222467
2022-12-19 15:52:23,1,OK,True,True,True,1.0,23.937338
2022-12-19 15:52:28,1,OK,True,True,True,1.0,21.990753
2022-12-19 15:52:44,1,OK,True,True,True,1.0,23.557163
2022-12-19 15:52:49,1,OK,True,True,True,1.0,24.032372
2022-12-19 15:53:04,1,OK,True,True,True,1.0,23.65221
2022-12-19 15:53:10,1,OK,True,True,True,1.0,21.802475
2022-12-19 15:53:25,1,OK,True,True,True,1.0,23.65221
2022-12-19 15:53:31,1,OK,True,True,True,1.0,23.842291
2022-12-19 15:53:46,1,OK,True,True,True,1.0,23.557163
2022-12-19 15:53:52,1,OK,True,True,True,1.0,23.557163
2022-12-19 15:54:07,1,OK,True,True,True,1.0,23.557163
2022-12-19 15:54:13,1,OK,True,True,True,1.0,23.557163
2022-12-19 15:54:28,1,OK,True,True,True,1.0,23.272033999999998
2022-12-19 15:54:33,1,OK,True,True,True,1.0,23.176987
2022-12-19 15:55:11,1,OK,True,True,True,1.0,22.986906
2022-12-19 15:55:16,1,OK,True,True,True,1.0,22.986906
2022-12-19 15:55:25,1,OK,True,True,True,1.0,21.189928
2022-12-19 15:38:21,15,OK,True,True,True,0.8,6.037046
2022-12-19 15:38:30,15,OK,True,True,True,0.8,6.037046
2022-12-19 15:38:38,15,OK,True,True,True,0.8,6.037046
2022-12-19 15:38:44,15,OK,True,True,True,0.8,5.3199879999999995
2022-12-19 15:38:52,15,OK,True,True,True,0.8,6.431571
2022-12-19 15:38:58,15,OK,True,True,True,0.8,6.168394999999999
2022-12-19 15:39:03,15,OK,True,True,True,0.8,5.5660099999999995
2022-12-19 15:39:12,15,OK,True,True,True,0.8,6.037046
2022-12-19 15:39:17,15,OK,True,True,True,0.8,6.168394999999999
2022-12-19 15:39:23,15,OK,True,True,True,0.8,6.168394999999999
2022-12-19 15:39:38,15,OK,True,True,True,0.8,5.173869
2022-12-19 15:39:43,15,OK,True,True,True,0.8,5.189178
2022-12-19 15:39:59,15,OK,True,True,True,0.8,5.189178
2022-12-19 15:40:04,15,OK,True,True,True,0.8,6.431571
2022-12-19 15:40:20,15,OK,True,True,True,0.8,6.037046
2022-12-19 15:40:25,15,OK,True,True,True,0.8,5.189178
2022-12-19 15:40:41,15,OK,True,True,True,0.8,5.189178
2022-12-19 15:40:57,15,OK,True,True,True,0.8,5.3199879999999995
2022-12-19 15:41:03,15,OK,True,True,True,0.8,6.037046
2022-12-19 15:41:11,15,OK,True,True,True,0.8,5.058541
2022-12-19 15:41:17,15,OK,True,True,True,0.8,5.189178
2022-12-19 15:41:22,15,OK,True,True,True,0.8,5.3199879999999995
2022-12-19 15:41:27,15,OK,True,True,True,0.8,5.3199879999999995
2022-12-19 15:41:33,15,OK,True,True,True,0.8,5.3199879999999995
2022-12-19 15:41:38,15,OK,True,True,True,0.8,5.3199879999999995
2022-12-19 15:41:44,15,OK,True,True,True,0.8,5.189178
2022-12-19 15:41:49,15,OK,True,True,True,0.8,5.3199879999999995
2022-12-19 15:42:05,15,OK,True,True,True,0.8,5.3199879999999995
2022-12-19 15:42:10,15,OK,True,True,True,0.8,5.204544
2022-12-19 15:42:15,15,OK,True,True,True,0.8,5.058541
2022-12-19 15:42:21,15,OK,True,True,True,0.8,5.189178
2022-12-19 15:42:26,15,OK,True,True,True,0.8,5.189178
2022-12-19 15:42:32,15,OK,True,True,True,0.8,5.094973
2022-12-19 15:42:37,15,OK,True,True,True,0.8,5.189178
2022-12-19 15:43:03,15,OK,True,True,True,0.8,5.189178
2022-12-19 15:43:08,15,OK,True,True,True,0.8,5.246834
2022-12-19 15:43:24,15,OK,True,True,True,0.8,5.189178
2022-12-19 15:43:29,15,OK,True,True,True,0.8,5.189178
2022-12-19 15:43:44,15,OK,True,True,True,0.8,5.189178
2022-12-19 15:44:03,15,OK,True,True,True,0.8,5.225711
2022-12-19 15:44:09,15,OK,True,True,True,0.8,4.718141
2022-12-19 15:44:24,15,OK,True,True,True,0.8,5.189178
2022-12-19 15:44:29,15,OK,True,True,True,0.8,4.964395
2022-12-19 15:44:45,15,OK,True,True,True,0.8,5.189178
2022-12-19 15:44:50,15,OK,True,True,True,0.8,4.906564
2022-12-19 15:44:56,15,OK,True,True,True,0.8,4.812346
2022-12-19 15:45:01,15,OK,True,True,True,0.8,5.1526879999999995
2022-12-19 15:45:07,15,OK,True,True,True,0.8,5.189178
2022-12-19 15:45:25,15,OK,True,True,True,0.8,4.812346
2022-12-19 15:45:31,15,OK,True,True,True,0.8,5.037186
2022-12-19 15:45:46,15,OK,True,True,True,0.8,4.906564
2022-12-19 15:45:51,15,OK,True,True,True,0.8,4.848646
2022-12-19 15:46:07,15,OK,True,True,True,0.8,4.848646
2022-12-19 15:46:12,15,OK,True,True,True,0.8,5.189178
2022-12-19 15:46:28,15,OK,True,True,True,0.8,4.942908
2022-12-19 15:46:33,15,OK,True,True,True,0.8,4.906564
2022-12-19 15:46:49,15,OK,True,True,True,0.8,4.812346
2022-12-19 15:46:54,15,OK,True,True,True,0.8,5.545279
2022-12-19 15:47:10,15,OK,True,True,True,0.8,4.848646
2022-12-19 15:47:15,15,OK,True,True,True,0.8,4.587796
2022-12-19 15:47:30,15,OK,True,True,True,0.8,5.189178
2022-12-19 15:47:36,15,OK,True,True,True,0.8,4.812346
2022-12-19 15:47:51,15,OK,True,True,True,0.8,4.529732
2022-12-19 15:47:57,15,OK,True,True,True,0.8,4.906564
2022-12-19 15:48:12,15,OK,True,True,True,0.8,4.529732
2022-12-19 15:48:18,15,OK,True,True,True,0.8,5.189178
2022-12-19 15:48:26,15,OK,True,True,True,0.8,5.545279
2022-12-19 15:48:32,15,OK,True,True,True,0.8,4.623937000000001
2022-12-19 15:48:37,15,OK,True,True,True,0.8,4.529732
2022-12-19 15:48:53,15,OK,True,True,True,0.8,4.529732
2022-12-19 15:48:58,15,OK,True,True,True,0.8,4.529732
2022-12-19 15:49:13,15,OK,True,True,True,0.8,4.906564
2022-12-19 15:49:19,15,OK,True,True,True,0.8,4.942908
2022-12-19 15:49:34,15,OK,True,True,True,0.8,4.790669
2022-12-19 15:49:40,15,OK,True,True,True,0.8,4.732606
2022-12-19 15:49:55,15,OK,True,True,True,0.8,4.660106
2022-12-19 15:50:01,15,OK,True,True,True,0.8,4.660106
2022-12-19 15:50:16,15,OK,True,True,True,0.8,4.848646
2022-12-19 15:50:21,15,OK,True,True,True,0.8,4.529732
2022-12-19 15:51:37,15,OK,True,True,True,0.8,4.529732
2022-12-19 15:51:43,15,OK,True,True,True,0.8,4.529732
2022-12-19 15:51:58,15,OK,True,True,True,0.8,4.660106
2022-12-19 15:52:03,15,OK,True,True,True,0.8,4.341309
2022-12-19 15:52:09,15,OK,True,True,True,0.8,4.188779
2022-12-19 15:52:14,15,OK,True,True,True,0.8,4.602014
2022-12-19 15:53:40,15,OK,True,True,True,0.8,3.3873290000000003
2022-12-19 15:53:56,15,OK,True,True,True,0.8,4.058694999999999
2022-12-19 15:54:01,15,OK,True,True,True,0.8,4.036046
2022-12-19 15:54:16,15,OK,True,True,True,0.8,4.000239
2022-12-19 15:54:22,15,OK,True,True,True,0.8,3.6587339999999995
2022-12-19 15:54:37,15,OK,True,True,True,0.8,4.058694999999999
2022-12-19 15:54:58,15,OK,True,True,True,0.8,3.9059769999999996
2022-12-19 15:55:04,15,OK,True,True,True,0.8,3.552172
2022-12-19 15:55:19,15,OK,True,True,True,0.8,3.870272
2022-12-19 15:55:28,15,OK,True,True,True,0.8,4.399503
2022-12-19 15:38:21,16,OK,True,True,True,0.8,14.630132000000001
2022-12-19 15:38:30,16,OK,True,True,True,0.8,15.989059
2022-12-19 15:38:38,16,OK,True,True,True,0.8,15.424632
2022-12-19 15:38:44,16,OK,True,True,True,0.8,16.365339000000002
2022-12-19 15:38:52,16,OK,True,True,True,0.8,15.151948999999998
2022-12-19 15:38:58,16,OK,True,True,True,0.8,15.151948999999998
2022-12-19 15:39:03,16,OK,True,True,True,0.8,15.151948999999998
2022-12-19 15:39:12,16,OK,True,True,True,0.8,15.015876
2022-12-19 15:39:17,16,OK,True,True,True,0.8,15.151948999999998
2022-12-19 15:39:23,16,OK,True,True,True,0.8,15.424632
2022-12-19 15:39:38,16,OK,True,True,True,0.8,14.744223999999999
2022-12-19 15:39:43,16,OK,True,True,True,0.8,15.048352
2022-12-19 15:39:59,16,OK,True,True,True,0.8,14.744223999999999
2022-12-19 15:40:04,16,OK,True,True,True,0.8,14.744223999999999
2022-12-19 15:40:20,16,OK,True,True,True,0.8,15.330559
2022-12-19 15:40:25,16,OK,True,True,True,0.8,14.744223999999999
2022-12-19 15:40:41,16,OK,True,True,True,0.8,14.776148999999998
2022-12-19 15:40:57,16,OK,True,True,True,0.8,14.776148999999998
2022-12-19 15:41:03,16,OK,True,True,True,0.8,15.048352
2022-12-19 15:41:11,16,OK,True,True,True,0.8,14.954279000000001
2022-12-19 15:41:17,16,OK,True,True,True,0.8,14.369122
2022-12-19 15:41:22,16,OK,True,True,True,0.8,14.860206
2022-12-19 15:41:27,16,OK,True,True,True,0.8,14.369122
2022-12-19 15:41:33,16,OK,True,True,True,0.8,14.860206
2022-12-19 15:41:38,16,OK,True,True,True,0.8,14.18157
2022-12-19 15:41:44,16,OK,True,True,True,0.8,14.18157
2022-12-19 15:41:49,16,OK,True,True,True,0.8,14.860206
2022-12-19 15:42:05,16,OK,True,True,True,0.8,14.588248000000002
2022-12-19 15:42:10,16,OK,True,True,True,0.8,14.766147
2022-12-19 15:42:15,16,OK,True,True,True,0.8,13.889157999999998
2022-12-19 15:42:21,16,OK,True,True,True,0.8,14.860206
2022-12-19 15:42:26,16,OK,True,True,True,0.8,14.766147
2022-12-19 15:42:32,16,OK,True,True,True,0.8,14.766147
2022-12-19 15:42:37,16,OK,True,True,True,0.8,14.494291
2022-12-19 15:43:03,16,OK,True,True,True,0.8,14.494291
2022-12-19 15:43:08,16,OK,True,True,True,0.8,14.860206
2022-12-19 15:43:24,16,OK,True,True,True,0.8,14.766147
2022-12-19 15:43:29,16,OK,True,True,True,0.8,14.766147
2022-12-19 15:43:44,16,OK,True,True,True,0.8,14.295794
2022-12-19 15:44:03,16,OK,True,True,True,0.8,13.825439000000001
2022-12-19 15:44:09,16,OK,True,True,True,0.8,13.919514000000001
2022-12-19 15:44:24,16,OK,True,True,True,0.8,13.919514000000001
2022-12-19 15:44:29,16,OK,True,True,True,0.8,13.919514000000001
2022-12-19 15:44:45,16,OK,True,True,True,0.8,13.919514000000001
2022-12-19 15:44:50,16,OK,True,True,True,0.8,13.64872
2022-12-19 15:44:56,16,OK,True,True,True,0.8,13.919514000000001
2022-12-19 15:45:01,16,OK,True,True,True,0.8,13.919514000000001
2022-12-19 15:45:07,16,OK,True,True,True,0.8,13.919514000000001
2022-12-19 15:45:25,16,OK,True,True,True,0.8,13.596004999999998
2022-12-19 15:45:31,16,OK,True,True,True,0.8,13.731366
2022-12-19 15:45:46,16,OK,True,True,True,0.8,13.919514000000001
2022-12-19 15:45:51,16,OK,True,True,True,0.8,12.962496
2022-12-19 15:46:07,16,OK,True,True,True,0.8,13.543220000000002
2022-12-19 15:46:12,16,OK,True,True,True,0.8,13.64872
2022-12-19 15:46:28,16,OK,True,True,True,0.8,13.272920000000001
2022-12-19 15:46:33,16,OK,True,True,True,0.8,13.355085999999998
2022-12-19 15:46:49,16,OK,True,True,True,0.8,13.814217000000001
2022-12-19 15:46:54,16,OK,True,True,True,0.8,13.543220000000002
2022-12-19 15:47:10,16,OK,True,True,True,0.8,14.180203
2022-12-19 15:47:15,16,OK,True,True,True,0.8,13.897285
2022-12-19 15:47:30,16,OK,True,True,True,0.8,13.261013
2022-12-19 15:47:36,16,OK,True,True,True,0.8,13.919514000000001
2022-12-19 15:47:51,16,OK,True,True,True,0.8,13.355085999999998
2022-12-19 15:47:57,16,OK,True,True,True,0.8,13.261013
2022-12-19 15:48:12,16,OK,True,True,True,0.8,13.261013
2022-12-19 15:48:18,16,OK,True,True,True,0.8,13.261013
2022-12-19 15:48:26,16,OK,True,True,True,0.8,13.802979
2022-12-19 15:48:32,16,OK,True,True,True,0.8,12.978806
2022-12-19 15:48:37,16,OK,True,True,True,0.8,13.166939999999999
2022-12-19 15:48:53,16,OK,True,True,True,0.8,12.440271000000001
2022-12-19 15:48:58,16,OK,True,True,True,0.8,12.587392999999999
2022-12-19 15:49:13,16,OK,True,True,True,0.8,13.261013
2022-12-19 15:49:19,16,OK,True,True,True,0.8,13.261013
2022-12-19 15:49:34,16,OK,True,True,True,0.8,12.41438
2022-12-19 15:49:40,16,OK,True,True,True,0.8,12.602527
2022-12-19 15:49:55,16,OK,True,True,True,0.8,12.41438
2022-12-19 15:50:01,16,OK,True,True,True,0.8,12.41438
2022-12-19 15:50:16,16,OK,True,True,True,0.8,12.279848
2022-12-19 15:50:21,16,OK,True,True,True,0.8,11.743421000000001
2022-12-19 15:51:37,16,OK,True,True,True,0.8,11.755894
2022-12-19 15:51:43,16,OK,True,True,True,0.8,12.145491
2022-12-19 15:51:58,16,OK,True,True,True,0.8,12.226233
2022-12-19 15:52:03,16,OK,True,True,True,0.8,12.765582
2022-12-19 15:52:09,16,OK,True,True,True,0.8,12.226233
2022-12-19 15:52:14,16,OK,True,True,True,0.8,12.41438
2022-12-19 15:53:40,16,OK,True,True,True,0.8,11.849953
2022-12-19 15:53:56,16,OK,True,True,True,0.8,11.944027
2022-12-19 15:54:01,16,OK,True,True,True,0.8,11.743421000000001
2022-12-19 15:54:16,16,OK,True,True,True,0.8,11.849953
2022-12-19 15:54:22,16,OK,True,True,True,0.8,11.755894
2022-12-19 15:54:37,16,OK,True,True,True,0.8,11.849953
2022-12-19 15:54:58,16,OK,True,True,True,0.8,11.755894
2022-12-19 15:55:04,16,OK,True,True,True,0.8,11.755894
2022-12-19 15:55:19,16,OK,True,True,True,0.8,12.132174000000001
2022-12-19 15:55:28,16,OK,True,True,True,0.8,11.849953
2022-12-19 15:38:21,17,OK,True,True,True,0.8,8.868267
2022-12-19 15:38:30,17,OK,True,True,True,0.8,8.492947000000001
2022-12-19 15:38:38,17,OK,True,True,True,0.8,9.264914
2022-12-19 15:38:44,17,OK,True,True,True,0.8,8.868267
2022-12-19 15:38:52,17,OK,True,True,True,0.8,8.39912
2022-12-19 15:38:58,17,OK,True,True,True,0.8,9.397454
2022-12-19 15:39:03,17,OK,True,True,True,0.8,9.734947
2022-12-19 15:39:12,17,OK,True,True,True,0.8,8.774441
2022-12-19 15:39:17,17,OK,True,True,True,0.8,8.868267
2022-12-19 15:39:23,17,OK,True,True,True,0.8,9.303395
2022-12-19 15:39:38,17,OK,True,True,True,0.8,8.868267
2022-12-19 15:39:43,17,OK,True,True,True,0.8,8.738983000000001
2022-12-19 15:39:59,17,OK,True,True,True,0.8,9.03859
2022-12-19 15:40:04,17,OK,True,True,True,0.8,9.153671000000001
2022-12-19 15:40:20,17,OK,True,True,True,0.8,8.305278999999999
2022-12-19 15:40:25,17,OK,True,True,True,0.8,7.666767999999999
2022-12-19 15:40:41,17,OK,True,True,True,0.8,8.756734
2022-12-19 15:40:57,17,OK,True,True,True,0.8,8.738983000000001
2022-12-19 15:41:03,17,OK,True,True,True,0.8,8.362718
2022-12-19 15:41:11,17,OK,True,True,True,0.8,8.474891
2022-12-19 15:41:17,17,OK,True,True,True,0.8,8.39912
2022-12-19 15:41:22,17,OK,True,True,True,0.8,7.742291000000001
2022-12-19 15:41:27,17,OK,True,True,True,0.8,8.211452
2022-12-19 15:41:33,17,OK,True,True,True,0.8,8.211452
2022-12-19 15:41:38,17,OK,True,True,True,0.8,8.871291000000001
2022-12-19 15:41:44,17,OK,True,True,True,0.8,8.211452
2022-12-19 15:41:49,17,OK,True,True,True,0.8,8.211452
2022-12-19 15:42:05,17,OK,True,True,True,0.8,7.366971
2022-12-19 15:42:10,17,OK,True,True,True,0.8,8.871291000000001
2022-12-19 15:42:15,17,OK,True,True,True,0.8,8.211452
2022-12-19 15:42:21,17,OK,True,True,True,0.8,8.343092
2022-12-19 15:42:26,17,OK,True,True,True,0.8,8.738983000000001
2022-12-19 15:42:32,17,OK,True,True,True,0.8,7.2731449999999995
2022-12-19 15:42:37,17,OK,True,True,True,0.8,7.742291000000001
2022-12-19 15:43:03,17,OK,True,True,True,0.8,6.897825
2022-12-19 15:43:08,17,OK,True,True,True,0.8,6.710157000000001
2022-12-19 15:43:24,17,OK,True,True,True,0.8,7.610173
2022-12-19 15:43:29,17,OK,True,True,True,0.8,7.366971
2022-12-19 15:43:44,17,OK,True,True,True,0.8,7.2339080000000004
2022-12-19 15:44:03,17,OK,True,True,True,0.8,7.930016999999999
2022-12-19 15:44:09,17,OK,True,True,True,0.8,7.365256
2022-12-19 15:44:24,17,OK,True,True,True,0.8,7.7417679999999995
2022-12-19 15:44:29,17,OK,True,True,True,0.8,7.873524000000001
2022-12-19 15:44:45,17,OK,True,True,True,0.8,6.991650999999999
2022-12-19 15:44:50,17,OK,True,True,True,0.8,7.2339080000000004
2022-12-19 15:44:56,17,OK,True,True,True,0.8,7.610173
2022-12-19 15:45:01,17,OK,True,True,True,0.8,6.710157000000001
2022-12-19 15:45:07,17,OK,True,True,True,0.8,5.865675
2022-12-19 15:45:25,17,OK,True,True,True,0.8,6.240996
2022-12-19 15:45:31,17,OK,True,True,True,0.8,6.710157000000001
2022-12-19 15:45:46,17,OK,True,True,True,0.8,7.873524000000001
2022-12-19 15:45:51,17,OK,True,True,True,0.8,7.2339080000000004
2022-12-19 15:46:07,17,OK,True,True,True,0.8,6.423997
2022-12-19 15:46:12,17,OK,True,True,True,0.8,7.2339080000000004
2022-12-19 15:46:28,17,OK,True,True,True,0.8,6.501963
2022-12-19 15:46:33,17,OK,True,True,True,0.8,8.024149000000001
2022-12-19 15:46:49,17,OK,True,True,True,0.8,7.159605
2022-12-19 15:46:54,17,OK,True,True,True,0.8,7.365256
2022-12-19 15:47:10,17,OK,True,True,True,0.8,6.710157000000001
2022-12-19 15:47:15,17,OK,True,True,True,0.8,6.991650999999999
2022-12-19 15:47:30,17,OK,True,True,True,0.8,7.516114
2022-12-19 15:47:36,17,OK,True,True,True,0.8,6.518114
2022-12-19 15:47:51,17,OK,True,True,True,0.8,6.240996
2022-12-19 15:47:57,17,OK,True,True,True,0.8,7.2339080000000004
2022-12-19 15:48:12,17,OK,True,True,True,0.8,6.710157000000001
2022-12-19 15:48:18,17,OK,True,True,True,0.8,7.139849000000001
2022-12-19 15:48:26,17,OK,True,True,True,0.8,7.327980999999999
2022-12-19 15:48:32,17,OK,True,True,True,0.8,6.894626
2022-12-19 15:48:37,17,OK,True,True,True,0.8,6.387303
2022-12-19 15:48:53,17,OK,True,True,True,0.8,6.387303
2022-12-19 15:48:58,17,OK,True,True,True,0.8,5.865675
2022-12-19 15:49:13,17,OK,True,True,True,0.8,7.365256
2022-12-19 15:49:19,17,OK,True,True,True,0.8,6.971705
2022-12-19 15:49:34,17,OK,True,True,True,0.8,6.894626
2022-12-19 15:49:40,17,OK,True,True,True,0.8,7.2339080000000004
2022-12-19 15:49:55,17,OK,True,True,True,0.8,6.710157000000001
2022-12-19 15:50:01,17,OK,True,True,True,0.8,5.771849
2022-12-19 15:50:16,17,OK,True,True,True,0.8,7.5535190000000005
2022-12-19 15:50:21,17,OK,True,True,True,0.8,6.387303
2022-12-19 15:51:37,17,OK,True,True,True,0.8,7.365256
2022-12-19 15:51:43,17,OK,True,True,True,0.8,6.710157000000001
2022-12-19 15:51:58,17,OK,True,True,True,0.8,6.387303
2022-12-19 15:52:03,17,OK,True,True,True,0.8,7.2339080000000004
2022-12-19 15:52:09,17,OK,True,True,True,0.8,7.085477
2022-12-19 15:52:14,17,OK,True,True,True,0.8,7.2339080000000004
2022-12-19 15:53:40,17,OK,True,True,True,0.8,5.859235
2022-12-19 15:53:56,17,OK,True,True,True,0.8,5.208861
2022-12-19 15:54:01,17,OK,True,True,True,0.8,5.728832
2022-12-19 15:54:16,17,OK,True,True,True,0.8,6.047484
2022-12-19 15:54:22,17,OK,True,True,True,0.8,5.518864
2022-12-19 15:54:37,17,OK,True,True,True,0.8,5.584182
2022-12-19 15:54:58,17,OK,True,True,True,0.8,5.771849
2022-12-19 15:55:04,17,OK,True,True,True,0.8,4.7397
2022-12-19 15:55:19,17,OK,True,True,True,0.8,5.208861
2022-12-19 15:55:28,17,OK,True,True,True,0.8,5.859235
2022-12-19 15:38:33,2,OK,True,True,True,1.0,26.871864000000002
2022-12-19 15:38:49,2,OK,True,True,True,1.0,24.001289
2022-12-19 15:39:05,2,OK,True,True,True,1.0,26.300924
2022-12-19 15:39:11,2,OK,True,True,True,1.0,26.110611
2022-12-19 15:39:26,2,OK,True,True,True,1.0,23.624502
2022-12-19 15:39:32,2,OK,True,True,True,1.0,25.539671
2022-12-19 15:39:47,2,OK,True,True,True,1.0,23.531679
2022-12-19 15:39:52,2,OK,True,True,True,1.0,25.539671
2022-12-19 15:40:08,2,OK,True,True,True,1.0,23.531679
2022-12-19 15:40:13,2,OK,True,True,True,1.0,23.059334
2022-12-19 15:40:29,2,OK,True,True,True,1.0,23.627481
2022-12-19 15:40:34,2,OK,True,True,True,1.0,23.059334
2022-12-19 15:40:50,2,OK,True,True,True,1.0,24.778418
2022-12-19 15:40:55,2,OK,True,True,True,1.0,22.77717
2022-12-19 15:41:51,2,OK,True,True,True,1.0,22.494223
2022-12-19 15:41:56,2,OK,True,True,True,1.0,22.588354000000002
2022-12-19 15:42:42,2,OK,True,True,True,1.0,21.928997
2022-12-19 15:42:47,2,OK,True,True,True,1.0,22.070042
2022-12-19 15:42:53,2,OK,True,True,True,1.0,21.928997
2022-12-19 15:42:58,2,OK,True,True,True,1.0,23.636523999999998
2022-12-19 15:43:14,2,OK,True,True,True,1.0,23.636523999999998
2022-12-19 15:43:19,2,OK,True,True,True,1.0,21.975794
2022-12-19 15:43:34,2,OK,True,True,True,1.0,20.0996
2022-12-19 15:43:40,2,OK,True,True,True,1.0,23.160748
2022-12-19 15:43:55,2,OK,True,True,True,1.0,18.726353
2022-12-19 15:44:01,2,OK,True,True,True,1.0,20.972139000000002
2022-12-19 15:44:16,2,OK,True,True,True,1.0,19.004589000000003
2022-12-19 15:44:32,2,OK,True,True,True,1.0,18.726353
2022-12-19 15:44:37,2,OK,True,True,True,1.0,20.972139000000002
2022-12-19 15:44:53,2,OK,True,True,True,1.0,19.004589000000003
2022-12-19 15:45:18,2,OK,True,True,True,1.0,22.875270999999998
2022-12-19 15:45:34,2,OK,True,True,True,1.0,18.726353
2022-12-19 15:45:39,2,OK,True,True,True,1.0,20.972139000000002
2022-12-19 15:45:54,2,OK,True,True,True,1.0,18.726353
2022-12-19 15:46:00,2,OK,True,True,True,1.0,20.972139000000002
2022-12-19 15:46:15,2,OK,True,True,True,1.0,19.004589000000003
2022-12-19 15:46:21,2,OK,True,True,True,1.0,20.972139000000002
2022-12-19 15:46:36,2,OK,True,True,True,1.0,20.972139000000002
2022-12-19 15:46:42,2,OK,True,True,True,1.0,20.972139000000002
2022-12-19 15:46:57,2,OK,True,True,True,1.0,19.004589000000003
2022-12-19 15:47:02,2,OK,True,True,True,1.0,20.972139000000002
2022-12-19 15:47:18,2,OK,True,True,True,1.0,20.972139000000002
2022-12-19 15:47:23,2,OK,True,True,True,1.0,20.972139000000002
2022-12-19 15:47:39,2,OK,True,True,True,1.0,20.972139000000002
2022-12-19 15:47:44,2,OK,True,True,True,1.0,19.004589000000003
2022-12-19 15:48:00,2,OK,True,True,True,1.0,20.972139000000002
2022-12-19 15:48:05,2,OK,True,True,True,1.0,19.004589000000003
2022-12-19 15:48:21,2,OK,True,True,True,1.0,20.972139000000002
2022-12-19 15:48:46,2,OK,True,True,True,1.0,20.972139000000002
2022-12-19 15:49:02,2,OK,True,True,True,1.0,19.004589000000003
2022-12-19 15:49:27,2,OK,True,True,True,1.0,19.004589000000003
2022-12-19 15:49:43,2,OK,True,True,True,1.0,20.972139000000002
2022-12-19 15:49:48,2,OK,True,True,True,1.0,20.972139000000002
2022-12-19 15:50:03,2,OK,True,True,True,1.0,20.972139000000002
2022-12-19 15:50:09,2,OK,True,True,True,1.0,20.876974
2022-12-19 15:50:24,2,OK,True,True,True,1.0,20.972139000000002
2022-12-19 15:50:30,2,OK,True,True,True,1.0,20.781810999999998
2022-12-19 15:50:35,2,OK,True,True,True,1.0,20.972139000000002
2022-12-19 15:50:41,2,OK,True,True,True,1.0,18.349577
2022-12-19 15:50:46,2,OK,True,True,True,1.0,18.865391
2022-12-19 15:50:52,2,OK,True,True,True,1.0,20.591497
2022-12-19 15:50:57,2,OK,True,True,True,1.0,20.210871
2022-12-19 15:51:05,2,OK,True,True,True,1.0,18.627335000000002
2022-12-19 15:51:11,2,OK,True,True,True,1.0,20.020557
2022-12-19 15:51:16,2,OK,True,True,True,1.0,20.210871
2022-12-19 15:51:22,2,OK,True,True,True,1.0,20.591497
2022-12-19 15:51:27,2,OK,True,True,True,1.0,18.627335000000002
2022-12-19 15:52:23,2,OK,True,True,True,1.0,17.922838
2022-12-19 15:52:28,2,OK,True,True,True,1.0,18.066994
2022-12-19 15:52:44,2,OK,True,True,True,1.0,20.020557
2022-12-19 15:52:49,2,OK,True,True,True,1.0,17.784395
2022-12-19 15:53:04,2,OK,True,True,True,1.0,18.250082
2022-12-19 15:53:10,2,OK,True,True,True,1.0,18.339197
2022-12-19 15:53:25,2,OK,True,True,True,1.0,19.830244
2022-12-19 15:53:31,2,OK,True,True,True,1.0,18.06144
2022-12-19 15:53:46,2,OK,True,True,True,1.0,18.06144
2022-12-19 15:53:52,2,OK,True,True,True,1.0,18.017086
2022-12-19 15:54:07,2,OK,True,True,True,1.0,17.872814
2022-12-19 15:54:13,2,OK,True,True,True,1.0,17.030832
2022-12-19 15:54:28,2,OK,True,True,True,1.0,19.735094
2022-12-19 15:54:33,2,OK,True,True,True,1.0,20.020557
2022-12-19 15:55:11,2,OK,True,True,True,1.0,17.596016
2022-12-19 15:55:16,2,OK,True,True,True,1.0,19.925407
2022-12-19 15:55:25,2,OK,True,True,True,1.0,17.784395
2022-12-19 15:38:33,3,OK,True,True,True,1.0,49.013228999999995
2022-12-19 15:38:49,3,OK,True,True,True,1.0,48.633507
2022-12-19 15:39:05,3,OK,True,True,True,1.0,47.969017
2022-12-19 15:39:11,3,OK,True,True,True,1.0,47.969017
2022-12-19 15:39:26,3,OK,True,True,True,1.0,47.304527
2022-12-19 15:39:32,3,OK,True,True,True,1.0,47.019733
2022-12-19 15:39:47,3,OK,True,True,True,1.0,44.741440000000004
2022-12-19 15:39:52,3,OK,True,True,True,1.0,44.741440000000004
2022-12-19 15:40:08,3,OK,True,True,True,1.0,44.741440000000004
2022-12-19 15:40:13,3,OK,True,True,True,1.0,44.741440000000004
2022-12-19 15:40:29,3,OK,True,True,True,1.0,42.255402000000004
2022-12-19 15:40:34,3,OK,True,True,True,1.0,44.741440000000004
2022-12-19 15:40:50,3,OK,True,True,True,1.0,44.741440000000004
2022-12-19 15:40:55,3,OK,True,True,True,1.0,44.551575
2022-12-19 15:41:51,3,OK,True,True,True,1.0,42.842842
2022-12-19 15:41:56,3,OK,True,True,True,1.0,43.032703000000005
2022-12-19 15:42:42,3,OK,True,True,True,1.0,41.893559
2022-12-19 15:42:47,3,OK,True,True,True,1.0,41.513847
2022-12-19 15:42:53,3,OK,True,True,True,1.0,41.323986
2022-12-19 15:42:58,3,OK,True,True,True,1.0,41.893559
2022-12-19 15:43:14,3,OK,True,True,True,1.0,41.134136
2022-12-19 15:43:19,3,OK,True,True,True,1.0,40.849342
2022-12-19 15:43:34,3,OK,True,True,True,1.0,38.665981
2022-12-19 15:43:40,3,OK,True,True,True,1.0,38.665981
2022-12-19 15:43:55,3,OK,True,True,True,1.0,38.665981
2022-12-19 15:44:01,3,OK,True,True,True,1.0,38.665981
2022-12-19 15:44:16,3,OK,True,True,True,1.0,38.665981
2022-12-19 15:44:32,3,OK,True,True,True,1.0,38.665981
2022-12-19 15:44:37,3,OK,True,True,True,1.0,38.665981
2022-12-19 15:44:53,3,OK,True,True,True,1.0,38.665981
2022-12-19 15:45:18,3,OK,True,True,True,1.0,32.590523
2022-12-19 15:45:34,3,OK,True,True,True,1.0,32.590523
2022-12-19 15:45:39,3,OK,True,True,True,1.0,32.590523
2022-12-19 15:45:54,3,OK,True,True,True,1.0,32.590523
2022-12-19 15:46:00,3,OK,True,True,True,1.0,32.590523
2022-12-19 15:46:15,3,OK,True,True,True,1.0,34.868815999999995
2022-12-19 15:46:21,3,OK,True,True,True,1.0,32.590523
2022-12-19 15:46:36,3,OK,True,True,True,1.0,32.590523
2022-12-19 15:46:42,3,OK,True,True,True,1.0,34.678967
2022-12-19 15:46:57,3,OK,True,True,True,1.0,32.590523
2022-12-19 15:47:02,3,OK,True,True,True,1.0,32.590523
2022-12-19 15:47:18,3,OK,True,True,True,1.0,32.590523
2022-12-19 15:47:23,3,OK,True,True,True,1.0,32.590523
2022-12-19 15:47:39,3,OK,True,True,True,1.0,32.590523
2022-12-19 15:47:44,3,OK,True,True,True,1.0,32.590523
2022-12-19 15:48:00,3,OK,True,True,True,1.0,32.590523
2022-12-19 15:48:05,3,OK,True,True,True,1.0,30.520104999999997
2022-12-19 15:48:21,3,OK,True,True,True,1.0,32.590523
2022-12-19 15:48:46,3,OK,True,True,True,1.0,32.590523
2022-12-19 15:49:02,3,OK,True,True,True,1.0,32.590523
2022-12-19 15:49:27,3,OK,True,True,True,1.0,32.590523
2022-12-19 15:49:43,3,OK,True,True,True,1.0,32.590523
2022-12-19 15:49:48,3,OK,True,True,True,1.0,32.590523
2022-12-19 15:50:03,3,OK,True,True,True,1.0,32.590523
2022-12-19 15:50:09,3,OK,True,True,True,1.0,32.590523
2022-12-19 15:50:24,3,OK,True,True,True,1.0,32.400661
2022-12-19 15:50:30,3,OK,True,True,True,1.0,32.210812
2022-12-19 15:50:35,3,OK,True,True,True,1.0,32.210812
2022-12-19 15:50:41,3,OK,True,True,True,1.0,32.590523
2022-12-19 15:50:46,3,OK,True,True,True,1.0,32.400661
2022-12-19 15:50:52,3,OK,True,True,True,1.0,32.400661
2022-12-19 15:50:57,3,OK,True,True,True,1.0,32.02095
2022-12-19 15:51:05,3,OK,True,True,True,1.0,32.210812
2022-12-19 15:51:11,3,OK,True,True,True,1.0,31.831087
2022-12-19 15:51:16,3,OK,True,True,True,1.0,32.115883000000004
2022-12-19 15:51:22,3,OK,True,True,True,1.0,31.831087
2022-12-19 15:51:27,3,OK,True,True,True,1.0,32.02095
2022-12-19 15:52:23,3,OK,True,True,True,1.0,31.451376
2022-12-19 15:52:28,3,OK,True,True,True,1.0,29.296946000000002
2022-12-19 15:52:44,3,OK,True,True,True,1.0,31.261515000000003
2022-12-19 15:52:49,3,OK,True,True,True,1.0,31.071666999999998
2022-12-19 15:53:04,3,OK,True,True,True,1.0,30.881804
2022-12-19 15:53:10,3,OK,True,True,True,1.0,31.071666999999998
2022-12-19 15:53:25,3,OK,True,True,True,1.0,28.493038000000002
2022-12-19 15:53:31,3,OK,True,True,True,1.0,29.014681
2022-12-19 15:53:46,3,OK,True,True,True,1.0,30.881804
2022-12-19 15:53:52,3,OK,True,True,True,1.0,30.502091999999998
2022-12-19 15:54:07,3,OK,True,True,True,1.0,30.691940000000002
2022-12-19 15:54:13,3,OK,True,True,True,1.0,30.502091999999998
2022-12-19 15:54:28,3,OK,True,True,True,1.0,30.597009999999997
2022-12-19 15:54:33,3,OK,True,True,True,1.0,30.217299
2022-12-19 15:55:11,3,OK,True,True,True,1.0,30.312229
2022-12-19 15:55:16,3,OK,True,True,True,1.0,30.407162
2022-12-19 15:55:25,3,OK,True,True,True,1.0,30.122367999999998
2022-12-19 15:38:33,4,OK,True,True,True,1.3,16.814132999999998
2022-12-19 15:38:49,4,OK,True,True,True,1.3,17.045849
2022-12-19 15:39:05,4,OK,True,True,True,1.3,16.763120999999998
2022-12-19 15:39:11,4,OK,True,True,True,1.3,15.847694
2022-12-19 15:39:26,4,OK,True,True,True,1.3,16.437403
2022-12-19 15:39:32,4,OK,True,True,True,1.3,15.966482000000001
2022-12-19 15:39:47,4,OK,True,True,True,1.3,16.531578
2022-12-19 15:39:52,4,OK,True,True,True,1.3,16.668873
2022-12-19 15:40:08,4,OK,True,True,True,1.3,16.154848
2022-12-19 15:40:13,4,OK,True,True,True,1.3,16.19766
2022-12-19 15:40:29,4,OK,True,True,True,1.3,16.19766
2022-12-19 15:40:34,4,OK,True,True,True,1.3,15.683928
2022-12-19 15:40:50,4,OK,True,True,True,1.3,15.683928
2022-12-19 15:40:55,4,OK,True,True,True,1.3,15.683928
2022-12-19 15:41:51,4,OK,True,True,True,1.3,16.531578
2022-12-19 15:41:56,4,OK,True,True,True,1.3,16.892955999999998
2022-12-19 15:42:42,4,OK,True,True,True,1.3,16.060658
2022-12-19 15:42:47,4,OK,True,True,True,1.3,16.060658
2022-12-19 15:42:53,4,OK,True,True,True,1.3,16.060658
2022-12-19 15:42:58,4,OK,True,True,True,1.3,17.081802
2022-12-19 15:43:14,4,OK,True,True,True,1.3,16.060658
2022-12-19 15:43:19,4,OK,True,True,True,1.3,16.060658
2022-12-19 15:43:34,4,OK,True,True,True,1.3,15.641461999999999
2022-12-19 15:43:40,4,OK,True,True,True,1.3,15.683928
2022-12-19 15:43:55,4,OK,True,True,True,1.3,15.410923
2022-12-19 15:44:01,4,OK,True,True,True,1.3,15.002704999999999
2022-12-19 15:44:16,4,OK,True,True,True,1.3,15.307197
2022-12-19 15:44:32,4,OK,True,True,True,1.3,15.495562
2022-12-19 15:44:37,4,OK,True,True,True,1.3,15.504997
2022-12-19 15:44:53,4,OK,True,True,True,1.3,15.443721
2022-12-19 15:45:18,4,OK,True,True,True,1.3,15.170848000000001
2022-12-19 15:45:34,4,OK,True,True,True,1.3,15.495562
2022-12-19 15:45:39,4,OK,True,True,True,1.3,15.255239000000001
2022-12-19 15:45:54,4,OK,True,True,True,1.3,14.345498000000001
2022-12-19 15:46:00,4,OK,True,True,True,1.3,15.024656
2022-12-19 15:46:15,4,OK,True,True,True,1.3,14.533267000000002
2022-12-19 15:46:21,4,OK,True,True,True,1.3,15.118832000000001
2022-12-19 15:46:36,4,OK,True,True,True,1.3,14.888481
2022-12-19 15:46:42,4,OK,True,True,True,1.3,15.024656
2022-12-19 15:46:57,4,OK,True,True,True,1.3,15.024656
2022-12-19 15:47:02,4,OK,True,True,True,1.3,15.024656
2022-12-19 15:47:18,4,OK,True,True,True,1.3,14.345498000000001
2022-12-19 15:47:23,4,OK,True,True,True,1.3,14.888481
2022-12-19 15:47:39,4,OK,True,True,True,1.3,14.647925
2022-12-19 15:47:44,4,OK,True,True,True,1.3,14.345498000000001
2022-12-19 15:48:00,4,OK,True,True,True,1.3,14.553735999999999
2022-12-19 15:48:05,4,OK,True,True,True,1.3,14.553735999999999
2022-12-19 15:48:21,4,OK,True,True,True,1.3,15.024656
2022-12-19 15:48:46,4,OK,True,True,True,1.3,14.553735999999999
2022-12-19 15:49:02,4,OK,True,True,True,1.3,15.024656
2022-12-19 15:49:27,4,OK,True,True,True,1.3,15.571071
2022-12-19 15:49:43,4,OK,True,True,True,1.3,14.553735999999999
2022-12-19 15:49:48,4,OK,True,True,True,1.3,14.553735999999999
2022-12-19 15:50:03,4,OK,True,True,True,1.3,15.024656
2022-12-19 15:50:09,4,OK,True,True,True,1.3,14.177006
2022-12-19 15:50:24,4,OK,True,True,True,1.3,14.177006
2022-12-19 15:50:30,4,OK,True,True,True,1.3,14.177006
2022-12-19 15:50:35,4,OK,True,True,True,1.3,14.177006
2022-12-19 15:50:41,4,OK,True,True,True,1.3,14.177006
2022-12-19 15:50:46,4,OK,True,True,True,1.3,14.312817
2022-12-19 15:50:52,4,OK,True,True,True,1.3,14.177006
2022-12-19 15:50:57,4,OK,True,True,True,1.3,15.160991000000001
2022-12-19 15:51:05,4,OK,True,True,True,1.3,14.312817
2022-12-19 15:51:11,4,OK,True,True,True,1.3,14.177006
2022-12-19 15:51:16,4,OK,True,True,True,1.3,14.177006
2022-12-19 15:51:22,4,OK,True,True,True,1.3,14.177006
2022-12-19 15:51:27,4,OK,True,True,True,1.3,14.177006
2022-12-19 15:52:23,4,OK,True,True,True,1.3,14.041367999999999
2022-12-19 15:52:28,4,OK,True,True,True,1.3,14.721282999999998
2022-12-19 15:52:44,4,OK,True,True,True,1.3,13.947237
2022-12-19 15:52:49,4,OK,True,True,True,1.3,14.177006
2022-12-19 15:53:04,4,OK,True,True,True,1.3,14.177006
2022-12-19 15:53:10,4,OK,True,True,True,1.3,14.271181
2022-12-19 15:53:25,4,OK,True,True,True,1.3,14.082815
2022-12-19 15:53:31,4,OK,True,True,True,1.3,14.082815
2022-12-19 15:53:46,4,OK,True,True,True,1.3,14.177006
2022-12-19 15:53:52,4,OK,True,True,True,1.3,14.082815
2022-12-19 15:54:07,4,OK,True,True,True,1.3,14.626860999999998
2022-12-19 15:54:13,4,OK,True,True,True,1.3,13.406623000000002
2022-12-19 15:54:28,4,OK,True,True,True,1.3,14.177006
2022-12-19 15:54:33,4,OK,True,True,True,1.3,14.177006
2022-12-19 15:55:11,4,OK,True,True,True,1.3,14.218569
2022-12-19 15:55:16,4,OK,True,True,True,1.3,13.800275
2022-12-19 15:55:25,4,OK,True,True,True,1.3,14.177006
2022-12-19 15:38:33,5,OK,True,True,True,1.3,48.096657
2022-12-19 15:38:49,5,OK,True,True,True,1.3,47.939564000000004
2022-12-19 15:39:05,5,OK,True,True,True,1.3,47.564171
2022-12-19 15:39:11,5,OK,True,True,True,1.3,46.969809999999995
2022-12-19 15:39:26,5,OK,True,True,True,1.3,47.251521999999994
2022-12-19 15:39:32,5,OK,True,True,True,1.3,46.626427
2022-12-19 15:39:47,5,OK,True,True,True,1.3,47.816486
2022-12-19 15:39:52,5,OK,True,True,True,1.3,47.345406
2022-12-19 15:40:08,5,OK,True,True,True,1.3,47.157608
2022-12-19 15:40:13,5,OK,True,True,True,1.3,46.907269
2022-12-19 15:40:29,5,OK,True,True,True,1.3,46.406384
2022-12-19 15:40:34,5,OK,True,True,True,1.3,46.218559
2022-12-19 15:40:50,5,OK,True,True,True,1.3,46.030762
2022-12-19 15:40:55,5,OK,True,True,True,1.3,45.936848
2022-12-19 15:41:51,5,OK,True,True,True,1.3,44.340488
2022-12-19 15:41:56,5,OK,True,True,True,1.3,42.086777000000005
2022-12-19 15:42:42,5,OK,True,True,True,1.3,42.086777000000005
2022-12-19 15:42:47,5,OK,True,True,True,1.3,41.933464
2022-12-19 15:42:53,5,OK,True,True,True,1.3,42.086777000000005
2022-12-19 15:42:58,5,OK,True,True,True,1.3,42.547871
2022-12-19 15:43:14,5,OK,True,True,True,1.3,41.780338
2022-12-19 15:43:19,5,OK,True,True,True,1.3,42.086777000000005
2022-12-19 15:43:34,5,OK,True,True,True,1.3,42.240284
2022-12-19 15:43:40,5,OK,True,True,True,1.3,42.086777000000005
2022-12-19 15:43:55,5,OK,True,True,True,1.3,42.086777000000005
2022-12-19 15:44:01,5,OK,True,True,True,1.3,42.086777000000005
2022-12-19 15:44:16,5,OK,True,True,True,1.3,42.086777000000005
2022-12-19 15:44:32,5,OK,True,True,True,1.3,41.933464
2022-12-19 15:44:37,5,OK,True,True,True,1.3,42.086777000000005
2022-12-19 15:44:53,5,OK,True,True,True,1.3,42.086777000000005
2022-12-19 15:45:18,5,OK,True,True,True,1.3,41.088852
2022-12-19 15:45:34,5,OK,True,True,True,1.3,41.276546
2022-12-19 15:45:39,5,OK,True,True,True,1.3,40.6549
2022-12-19 15:45:54,5,OK,True,True,True,1.3,40.27977
2022-12-19 15:46:00,5,OK,True,True,True,1.3,40.584305
2022-12-19 15:46:15,5,OK,True,True,True,1.3,40.302593
2022-12-19 15:46:21,5,OK,True,True,True,1.3,40.114779999999996
2022-12-19 15:46:36,5,OK,True,True,True,1.3,39.694988
2022-12-19 15:46:42,5,OK,True,True,True,1.3,40.302593
2022-12-19 15:46:57,5,OK,True,True,True,1.3,39.833069
2022-12-19 15:47:02,5,OK,True,True,True,1.3,39.551357
2022-12-19 15:47:18,5,OK,True,True,True,1.3,39.551357
2022-12-19 15:47:23,5,OK,True,True,True,1.3,39.248115999999996
2022-12-19 15:47:39,5,OK,True,True,True,1.3,39.081833
2022-12-19 15:47:44,5,OK,True,True,True,1.3,39.081833
2022-12-19 15:48:00,5,OK,True,True,True,1.3,38.894020000000005
2022-12-19 15:48:05,5,OK,True,True,True,1.3,39.349064
2022-12-19 15:48:21,5,OK,True,True,True,1.3,38.706207
2022-12-19 15:48:46,5,OK,True,True,True,1.3,38.330597
2022-12-19 15:49:02,5,OK,True,True,True,1.3,36.076885
2022-12-19 15:49:27,5,OK,True,True,True,1.3,36.226608
2022-12-19 15:49:43,5,OK,True,True,True,1.3,36.226608
2022-12-19 15:49:48,5,OK,True,True,True,1.3,35.927364000000004
2022-12-19 15:50:03,5,OK,True,True,True,1.3,36.076885
2022-12-19 15:50:09,5,OK,True,True,True,1.3,36.526596000000005
2022-12-19 15:50:24,5,OK,True,True,True,1.3,36.076885
2022-12-19 15:50:30,5,OK,True,True,True,1.3,36.226608
2022-12-19 15:50:35,5,OK,True,True,True,1.3,36.526596000000005
2022-12-19 15:50:41,5,OK,True,True,True,1.3,35.778034000000005
2022-12-19 15:50:46,5,OK,True,True,True,1.3,36.676888
2022-12-19 15:50:52,5,OK,True,True,True,1.3,36.076885
2022-12-19 15:50:57,5,OK,True,True,True,1.3,36.526596000000005
2022-12-19 15:51:05,5,OK,True,True,True,1.3,36.076885
2022-12-19 15:51:11,5,OK,True,True,True,1.3,36.226608
2022-12-19 15:51:16,5,OK,True,True,True,1.3,36.526596000000005
2022-12-19 15:51:22,5,OK,True,True,True,1.3,36.827351
2022-12-19 15:51:27,5,OK,True,True,True,1.3,36.226608
2022-12-19 15:52:23,5,OK,True,True,True,1.3,36.076885
2022-12-19 15:52:28,5,OK,True,True,True,1.3,36.526596000000005
2022-12-19 15:52:44,5,OK,True,True,True,1.3,36.076885
2022-12-19 15:52:49,5,OK,True,True,True,1.3,36.076885
2022-12-19 15:53:04,5,OK,True,True,True,1.3,36.076885
2022-12-19 15:53:10,5,OK,True,True,True,1.3,36.076885
2022-12-19 15:53:25,5,OK,True,True,True,1.3,35.889088
2022-12-19 15:53:31,5,OK,True,True,True,1.3,35.889088
2022-12-19 15:53:46,5,OK,True,True,True,1.3,35.889088
2022-12-19 15:53:52,5,OK,True,True,True,1.3,35.325649
2022-12-19 15:54:07,5,OK,True,True,True,1.3,35.607376
2022-12-19 15:54:13,5,OK,True,True,True,1.3,35.325649
2022-12-19 15:54:28,5,OK,True,True,True,1.3,35.773933
2022-12-19 15:54:33,5,OK,True,True,True,1.3,35.137852
2022-12-19 15:55:11,5,OK,True,True,True,1.3,34.74638
2022-12-19 15:55:16,5,OK,True,True,True,1.3,35.043938
2022-12-19 15:55:25,5,OK,True,True,True,1.3,34.85614
2022-12-19 15:38:33,6,OK,True,True,True,1.3,14.345498000000001
2022-12-19 15:38:49,6,OK,True,True,True,1.3,14.345498000000001
2022-12-19 15:39:05,6,OK,True,True,True,1.3,14.417851
2022-12-19 15:39:11,6,OK,True,True,True,1.3,13.500507
2022-12-19 15:39:26,6,OK,True,True,True,1.3,13.500507
2022-12-19 15:39:32,6,OK,True,True,True,1.3,13.770589000000001
2022-12-19 15:39:47,6,OK,True,True,True,1.3,13.770589000000001
2022-12-19 15:39:52,6,OK,True,True,True,1.3,13.500507
2022-12-19 15:40:08,6,OK,True,True,True,1.3,13.406623000000002
2022-12-19 15:40:13,6,OK,True,True,True,1.3,13.500507
2022-12-19 15:40:29,6,OK,True,True,True,1.3,13.89445
2022-12-19 15:40:34,6,OK,True,True,True,1.3,13.947237
2022-12-19 15:40:50,6,OK,True,True,True,1.3,13.676588
2022-12-19 15:40:55,6,OK,True,True,True,1.3,12.843301
2022-12-19 15:41:51,6,OK,True,True,True,1.3,12.749416
2022-12-19 15:41:56,6,OK,True,True,True,1.3,12.40086
2022-12-19 15:42:42,6,OK,True,True,True,1.3,12.642535
2022-12-19 15:42:47,6,OK,True,True,True,1.3,11.608467
2022-12-19 15:42:53,6,OK,True,True,True,1.3,12.266517
2022-12-19 15:42:58,6,OK,True,True,True,1.3,11.890483999999999
2022-12-19 15:43:14,6,OK,True,True,True,1.3,12.266517
2022-12-19 15:43:19,6,OK,True,True,True,1.3,12.293339
2022-12-19 15:43:34,6,OK,True,True,True,1.3,11.836476
2022-12-19 15:43:40,6,OK,True,True,True,1.3,12.843301
2022-12-19 15:43:55,6,OK,True,True,True,1.3,11.716657000000001
2022-12-19 15:44:01,6,OK,True,True,True,1.3,11.904425999999999
2022-12-19 15:44:16,6,OK,True,True,True,1.3,11.341104
2022-12-19 15:44:32,6,OK,True,True,True,1.3,12.118669
2022-12-19 15:44:37,6,OK,True,True,True,1.3,11.341104
2022-12-19 15:44:53,6,OK,True,True,True,1.3,11.341104
2022-12-19 15:45:18,6,OK,True,True,True,1.3,11.163148
2022-12-19 15:45:34,6,OK,True,True,True,1.3,11.341104
2022-12-19 15:45:39,6,OK,True,True,True,1.3,11.890483999999999
2022-12-19 15:45:54,6,OK,True,True,True,1.3,10.496114
2022-12-19 15:46:00,6,OK,True,True,True,1.3,10.496114
2022-12-19 15:46:15,6,OK,True,True,True,1.3,10.535249
2022-12-19 15:46:21,6,OK,True,True,True,1.3,10.496114
2022-12-19 15:46:36,6,OK,True,True,True,1.3,10.668414
2022-12-19 15:46:42,6,OK,True,True,True,1.3,10.480412
2022-12-19 15:46:57,6,OK,True,True,True,1.3,10.895828
2022-12-19 15:47:02,6,OK,True,True,True,1.3,10.76243
2022-12-19 15:47:18,6,OK,True,True,True,1.3,10.880592
2022-12-19 15:47:23,6,OK,True,True,True,1.3,10.895828
2022-12-19 15:47:39,6,OK,True,True,True,1.3,10.801769
2022-12-19 15:47:44,6,OK,True,True,True,1.3,10.214459
2022-12-19 15:48:00,6,OK,True,True,True,1.3,10.425504
2022-12-19 15:48:05,6,OK,True,True,True,1.3,10.613636
2022-12-19 15:48:21,6,OK,True,True,True,1.3,11.029401
2022-12-19 15:48:46,6,OK,True,True,True,1.3,10.104395
2022-12-19 15:49:02,6,OK,True,True,True,1.3,10.214459
2022-12-19 15:49:27,6,OK,True,True,True,1.3,9.916378
2022-12-19 15:49:43,6,OK,True,True,True,1.3,10.503862
2022-12-19 15:49:48,6,OK,True,True,True,1.3,9.767061
2022-12-19 15:50:03,6,OK,True,True,True,1.3,10.786417
2022-12-19 15:50:09,6,OK,True,True,True,1.3,9.899921
2022-12-19 15:50:24,6,OK,True,True,True,1.3,10.370536999999999
2022-12-19 15:50:30,6,OK,True,True,True,1.3,10.935284
2022-12-19 15:50:35,6,OK,True,True,True,1.3,10.127131
2022-12-19 15:50:41,6,OK,True,True,True,1.3,10.503862
2022-12-19 15:50:46,6,OK,True,True,True,1.3,10.127131
2022-12-19 15:50:52,6,OK,True,True,True,1.3,15.096589000000002
2022-12-19 15:50:57,6,OK,True,True,True,1.3,9.844591000000001
2022-12-19 15:51:05,6,OK,True,True,True,1.3,10.402228
2022-12-19 15:51:11,6,OK,True,True,True,1.3,9.844591000000001
2022-12-19 15:51:16,6,OK,True,True,True,1.3,10.425504
2022-12-19 15:51:22,6,OK,True,True,True,1.3,9.711673
2022-12-19 15:51:27,6,OK,True,True,True,1.3,10.237386
2022-12-19 15:52:23,6,OK,True,True,True,1.3,9.54036
2022-12-19 15:52:28,6,OK,True,True,True,1.3,9.578928999999999
2022-12-19 15:52:44,6,OK,True,True,True,1.3,9.617556
2022-12-19 15:52:49,6,OK,True,True,True,1.3,10.127131
2022-12-19 15:53:04,6,OK,True,True,True,1.3,9.373671
2022-12-19 15:53:10,6,OK,True,True,True,1.3,8.618378
2022-12-19 15:53:25,6,OK,True,True,True,1.3,9.750401
2022-12-19 15:53:31,6,OK,True,True,True,1.3,9.258343
2022-12-19 15:53:46,6,OK,True,True,True,1.3,8.882325
2022-12-19 15:53:52,6,OK,True,True,True,1.3,10.127131
2022-12-19 15:54:07,6,OK,True,True,True,1.3,8.430594000000001
2022-12-19 15:54:13,6,OK,True,True,True,1.3,8.993917
2022-12-19 15:54:28,6,OK,True,True,True,1.3,8.33671
2022-12-19 15:54:33,6,OK,True,True,True,1.3,8.996941
2022-12-19 15:55:11,6,OK,True,True,True,1.3,9.484869999999999
2022-12-19 15:55:16,6,OK,True,True,True,1.3,9.296737
2022-12-19 15:55:25,6,OK,True,True,True,1.3,9.838906
